date,last_attempt_utc,error
2026-05-31,2026-09-09T12:49:44+00:00,"HTTPSConnectionPool(host='publications.europa.eu', port=443): Read timed out. (read timeout=600)"
2026-06-07,2026-09-09T12:59:45+00:00,"HTTPSConnectionPool(host='publications.europa.eu', port=443): Read timed out. (read timeout=600)"
2026-06-28,2026-09-09T13:09:45+00:00,"HTTPSConnectionPool(host='publications.europa.eu', port=443): Read timed out. (read timeout=600)"
2026-07-05,2026-09-09T13:19:45+00:00,"HTTPSConnectionPool(host='publications.europa.eu', port=443): Read timed out. (read timeout=600)"
2026-07-26,2026-09-21T08:15:49+00:00,"HTTPSConnectionPool(host='publications.europa.eu', port=443): Read timed out. (read timeout=90)"
2026-08-09,2026-09-28T09:01:08+00:00,"HTTPSConnectionPool(host='publications.europa.eu', port=443): Read timed out. (read timeout=90)"
2026-08-16,2026-09-28T09:02:40+00:00,"HTTPSConnectionPool(host='publications.europa.eu', port=443): Read timed out. (read timeout=90)"
2026-08-19,2026-09-28T09:04:10+00:00,"HTTPSConnectionPool(host='publications.europa.eu', port=443): Read timed out. (read timeout=90)"
2026-08-23,2026-09-28T09:05:42+00:00,"HTTPSConnectionPool(host='publications.europa.eu', port=443): Read timed out. (read timeout=90)"
2026-08-30,2026-09-28T09:07:13+00:00,"HTTPSConnectionPool(host='publications.europa.eu', port=443): Read timed out. (read timeout=90)"
2026-09-04,2026-09-28T09:08:44+00:00,"HTTPSConnectionPool(host='publications.europa.eu', port=443): Read timed out. (read timeout=90)"
2026-09-06,2026-09-28T09:10:15+00:00,"HTTPSConnectionPool(host='publications.europa.eu', port=443): Read timed out. (read timeout=90)"
2026-09-07,2026-09-28T09:11:46+00:00,"HTTPSConnectionPool(host='publications.europa.eu', port=443): Read timed out. (read timeout=90)"
2026-09-09,2026-09-28T09:13:35+00:00,"HTTPSConnectionPool(host='publications.europa.eu', port=443): Read timed out. (read timeout=90)"
2026-09-10,2026-09-28T09:15:06+00:00,"HTTPSConnectionPool(host='publications.europa.eu', port=443): Read timed out. (read timeout=90)"
2026-09-11,2026-09-28T09:16:36+00:00,"HTTPSConnectionPool(host='publications.europa.eu', port=443): Read timed out. (read timeout=90)"
2026-09-14,2026-09-28T09:19:14+00:00,"HTTPSConnectionPool(host='publications.europa.eu', port=443): Read timed out. (read timeout=90)"
2026-09-15,2026-09-21T08:32:26+00:00,"HTTPSConnectionPool(host='publications.europa.eu', port=443): Read timed out. (read timeout=90)"
2026-09-17,2026-09-28T09:24:17+00:00,"HTTPSConnectionPool(host='publications.europa.eu', port=443): Read timed out. (read timeout=90)"
2026-09-18,2026-09-28T09:22:47+00:00,"HTTPSConnectionPool(host='publications.europa.eu', port=443): Read timed out. (read timeout=90)"
2026-09-20,2026-09-28T09:21:14+00:00,"HTTPSConnectionPool(host='publications.europa.eu', port=443): Read timed out. (read timeout=90)"
2026-09-21,2026-09-28T09:19:44+00:00,"HTTPSConnectionPool(host='publications.europa.eu', port=443): Read timed out. (read timeout=90)"
2026-09-23,2026-09-28T09:18:02+00:00,"HTTPSConnectionPool(host='publications.europa.eu', port=443): Read timed out. (read timeout=90)"
2026-09-26,2026-09-28T09:16:16+00:00,"HTTPSConnectionPool(host='publications.europa.eu', port=443): Read timed out. (read timeout=90)"
